{"Year":[2015,2016,2017,2018,2019,2020,2021,2015,2016,2017,2018,2019,2020,2021,2022,2015,2016,2019,2017,2018,2020,2021,2015,2016,2017,2018,2019,2020,2021,2022,2015,2016,2017,2018,2019,2020,2021,2022,2019,2020,2021,2015,2016,2017,2018,2019,2020,2021,2022,2022],"Units":["%","%","%","%","%","%","%","%","%","%","%","%","%","%","%","%","%","%","%","%","%","%","%","%","%","%","%","%","%","%","%","%","%","%","%","%","%","%","%","%","%","%","%","%","%","%","%","%","%","%"],"Agency":["WTO","WTO","WTO","WTO","WTO","WTO","WTO","UNGA","UNGA","UNGA","UNGA","UNGA","UNGA","UNGA","UNGA","IRDB","IRDB","IRDB","IRBD","IRBD","IRBD","IRBD","IMF","IMF","IMF","IMF","IMF","IMF","IMF","IMF","IFC","IFC","IFC","IFC","IFC","IFC","IFC","IFC","ECOSOC","ECOSOC","ECOSOC","ADB","ADB","ADB","ADB","ADB","ADB","ADB","ADB","WTO"],"Value":[0.625,0.61728,0.60976,0.60976,0.60976,0.60976,0.60976,0.51813,0.51813,0.51813,0.51813,0.51813,0.51813,0.51813,0.51813,0.53191,0.53191,0.53191,0.53191,0.53191,0.53191,0.53191,0.53191,0.53191,0.53191,0.53191,0.53191,0.53191,0.52632,0.52632,0.54348,0.54348,0.54348,0.54348,0.5435,0.54054,0.54054,0.53763,1.85185,1.85185,1.85185,1.4925,1.4925,1.4925,1.4925,1.47059,1.47059,1.47059,1.47059,0.60976]}