{"data":{"Year":[2015,2016,2017,2018,2019,2020,2021,2015,2016,2017,2018,2019,2020,2021,2022,2015,2016,2019,2017,2018,2020,2021,2015,2016,2017,2018,2019,2020,2021,2022,2015,2016,2017,2018,2019,2020,2021,2022,2019,2020,2021,2015,2016,2017,2018,2019,2020,2021,2022,2022],"Units":["%","%","%","%","%","%","%","%","%","%","%","%","%","%","%","%","%","%","%","%","%","%","%","%","%","%","%","%","%","%","%","%","%","%","%","%","%","%","%","%","%","%","%","%","%","%","%","%","%","%"],"\u0410\u0433\u0435\u043d\u0442\u0441\u0442\u0432\u043e":["\u0412\u0422\u041e","\u0412\u0422\u041e","\u0412\u0422\u041e","\u0412\u0422\u041e","\u0412\u0422\u041e","\u0412\u0422\u041e","\u0412\u0422\u041e","\u0413\u0410\u041e\u041e\u041d","\u0413\u0410\u041e\u041e\u041d","\u0413\u0410\u041e\u041e\u041d","\u0413\u0410\u041e\u041e\u041d","\u0413\u0410\u041e\u041e\u041d","\u0413\u0410\u041e\u041e\u041d","\u0413\u0410\u041e\u041e\u041d","\u0413\u0410\u041e\u041e\u041d","\u041c\u0411\u0420\u0420","\u041c\u0411\u0420\u0420","\u041c\u0411\u0420\u0420","\u041c\u0411\u0420\u0420","\u041c\u0411\u0420\u0420","\u041c\u0411\u0420\u0420","\u041c\u0411\u0420\u0420","\u041c\u0412\u0424","\u041c\u0412\u0424","\u041c\u0412\u0424","\u041c\u0412\u0424","\u041c\u0412\u0424","\u041c\u0412\u0424","\u041c\u0412\u0424","\u041c\u0412\u0424","\u041c\u0424\u041a","\u041c\u0424\u041a","\u041c\u0424\u041a","\u041c\u0424\u041a","\u041c\u0424\u041a","\u041c\u0424\u041a","\u041c\u0424\u041a","\u041c\u0424\u041a","\u0415\u041a\u0410\u0421\u041e\u0421","\u0415\u041a\u0410\u0421\u041e\u0421","\u0415\u041a\u0410\u0421\u041e\u0421","\u0410\u0437\u0411\u0420","\u0410\u0437\u0411\u0420","\u0410\u0437\u0411\u0420","\u0410\u0437\u0411\u0420","\u0410\u0437\u0411\u0420","\u0410\u0437\u0411\u0420","\u0410\u0437\u0411\u0420","\u0410\u0437\u0411\u0420","\u0412\u0422\u041e"],"Value":[0.625,0.61728,0.60976,0.60976,0.60976,0.60976,0.60976,0.51813,0.51813,0.51813,0.51813,0.51813,0.51813,0.51813,0.51813,0.53191,0.53191,0.53191,0.53191,0.53191,0.53191,0.53191,0.53191,0.53191,0.53191,0.53191,0.53191,0.53191,0.52632,0.52632,0.54348,0.54348,0.54348,0.54348,0.5435,0.54054,0.54054,0.53763,1.85185,1.85185,1.85185,1.4925,1.4925,1.4925,1.4925,1.47059,1.47059,1.47059,1.47059,0.60976]},"edges":[]}